"ingrediente_normalizado","variantes_originales","n_variantes"
"pollo","Pollo (muslo) | Pollo (pechuga) | Pollo (ala) | Pollo","4"
"bacalao","Bacalao | Bacalao, ahumado | Bacalao, salado, remojado","3"
"pavo","Pavo, pechuga | Pavo | Pavo, fiambre","3"
"cerdo","Cerdo, solomillo | Cerdo, lomo","2"
"pan integral","Pan integral | Pan integral, de molde, tostado","2"
"pasta alimenticia","Pasta alimenticia, integral | Pasta alimenticia, cruda","2"
"leche","Leche | Leche, semidesnatada, pasteurizada","2"
"lenteja","Lenteja, en conserva | Lenteja, seca","2"
"atun","Atún, al natural | Atún","2"
"caballa","Caballa, enlatada en aceite, escurrida | Caballa","2"
"mejillon","Mejillón, en conserva, al natural | Mejillon","2"
"almendra","Almendra, cruda | Almendra, tostada","2"
"gamba","Gamba, hervida | Gamba","2"
"carne picada","Carne picada(carne o ternera o pollo) | Carne picada (cerdo o pollo)","2"
"remolacha","Remolacha, en conserva | Remolacha","2"
"sardina","Sardina | Sardina, enlatada, en aceite, escurrida","2"
"haba","Haba, seca, remojada, hervida | Haba, fresca","2"